Кейс «Грёзы и кошмары»,2804,Кейс «Змеиный укус»,2993,Кейс «Призма 2»,2788,Кейс «Разлом»,2821,Кейс «Решающий момент»,2906,02:16:53,17.05
Кейс «Грёзы и кошмары»,2804,Кейс «Змеиный укус»,2993,Кейс «Призма 2»,2788,Кейс «Разлом»,2821,Кейс «Решающий момент»,2906,02:31:55,17.05
Кейс «Грёзы и кошмары»,2804,Кейс «Змеиный укус»,2993,Кейс «Призма 2»,2788,Кейс «Разлом»,2821,Кейс «Решающий момент»,2906,02:46:56,17.05
Кейс «Грёзы и кошмары»,2816,Кейс «Змеиный укус»,2998,Кейс «Призма 2»,2802,Кейс «Разлом»,2829,Кейс «Решающий момент»,2914,03:01:57,17.05
Кейс «Грёзы и кошмары»,2819,Кейс «Змеиный укус»,2999,Кейс «Призма 2»,2803,Кейс «Разлом»,2833,Кейс «Решающий момент»,2915,03:16:59,17.05
Кейс «Грёзы и кошмары»,2819,Кейс «Змеиный укус»,3000,Кейс «Призма 2»,2803,Кейс «Разлом»,2834,Кейс «Решающий момент»,2917,03:32:00,17.05
Кейс «Грёзы и кошмары»,2825,Кейс «Змеиный укус»,3002,Кейс «Призма 2»,2804,Кейс «Разлом»,2837,Кейс «Решающий момент»,2919,03:47:01,17.05
Кейс «Грёзы и кошмары»,2825,Кейс «Змеиный укус»,3002,Кейс «Призма 2»,2806,Кейс «Разлом»,2839,Кейс «Решающий момент»,2919,04:02:12,17.05
Кейс «Грёзы и кошмары»,2828,Кейс «Змеиный укус»,3004,Кейс «Призма 2»,2808,Кейс «Разлом»,2841,Кейс «Решающий момент»,2920,04:17:16,17.05
Кейс «Грёзы и кошмары»,2829,Кейс «Змеиный укус»,3007,Кейс «Призма 2»,2810,Кейс «Разлом»,2842,Кейс «Решающий момент»,2923,04:32:17,17.05
Кейс «Грёзы и кошмары»,2830,Кейс «Змеиный укус»,3010,Кейс «Призма 2»,2810,Кейс «Разлом»,2843,Кейс «Решающий момент»,2925,04:47:18,17.05
Кейс «Грёзы и кошмары»,2830,Кейс «Змеиный укус»,3012,Кейс «Призма 2»,2811,Кейс «Разлом»,2844,Кейс «Решающий момент»,2925,05:02:20,17.05
Кейс «Грёзы и кошмары»,2832,Кейс «Змеиный укус»,3014,Кейс «Призма 2»,2812,Кейс «Разлом»,2845,Кейс «Решающий момент»,2926,05:17:22,17.05
Кейс «Грёзы и кошмары»,2833,Кейс «Змеиный укус»,3016,Кейс «Призма 2»,2816,Кейс «Разлом»,2846,Кейс «Решающий момент»,2927,05:32:33,17.05
Кейс «Грёзы и кошмары»,2833,Кейс «Змеиный укус»,3017,Кейс «Призма 2»,2816,Кейс «Разлом»,2849,Кейс «Решающий момент»,2928,05:47:35,17.05
Кейс «Грёзы и кошмары»,2995,Кейс «Змеиный укус»,3180,Кейс «Призма 2»,2993,Кейс «Разлом»,3002,Кейс «Решающий момент»,3083,03:16:29,18.05
Кейс «Грёзы и кошмары»,2997,Кейс «Змеиный укус»,3184,Кейс «Призма 2»,2996,Кейс «Разлом»,3007,Кейс «Решающий момент»,3083,03:31:30,18.05
Кейс «Грёзы и кошмары»,3004,Кейс «Змеиный укус»,3187,Кейс «Призма 2»,2999,Кейс «Разлом»,3011,Кейс «Решающий момент»,3091,03:46:31,18.05
Кейс «Грёзы и кошмары»,3007,Кейс «Змеиный укус»,3187,Кейс «Призма 2»,2999,Кейс «Разлом»,3012,Кейс «Решающий момент»,3091,04:01:33,18.05
Кейс «Грёзы и кошмары»,3010,Кейс «Змеиный укус»,3187,Кейс «Призма 2»,2999,Кейс «Разлом»,3013,Кейс «Решающий момент»,3092,04:16:37,18.05
